frame,xmin,ymin,xmax,ymax,scaled_xmin,scaled_ymin,scaled_xmax,scaled_ymax,distance
78,1228,494,1283,530,794.3625,171.5277777777778,829.940625,184.02777777777777,-160.93582153320312
